{
	"$schema": "https://schemas.wp.org/trunk/theme.json",
	"version": 2,
	"settings": {
		"appearanceTools": true,
		"color": {
			"defaultDuotone": false,
			"defaultPalette": false,
			"defaultGradients": false, 
			"duotone": [
				{
					"colors": ["#000000", "#ffffff"],
					"slug": "duotone-1",
					"name": "Black and white"
				},
				{
					"colors": ["#325CE8", "#fff"],
					"slug": "duotone-2",
					"name": "Primary and white"
				},
				{
					"colors": ["#1A1919", "#325CE8"],
					"slug": "duotone-3",
					"name": "Dark and primary"
				}
			],
			"gradients": [
				{
					"slug": "gradient-1",
					"gradient": "linear-gradient(90deg, var(--wp--preset--color--accent) 0%, var(--wp--preset--color--accent-2) 100%)",
					"name": "primary to secondary"
				},
				{
					"slug": "gradient-2",
					"gradient": "linear-gradient(to bottom, var(--wp--preset--color--accent) 0%, rgba(255, 255, 255, 0.0) 100%)",
					"name": "primary to transparent"
				},
					{
					"slug": "gradient-3",
					"gradient": "linear-gradient(to bottom, var(--wp--preset--color--base-3) 0%, rgba(255, 255, 255, 0.0) 100%)",
					"name": "dark to to transparent"
				}
			],
			"palette": [
				{
					"slug": "base",
					"name": "Background",
					"color": "#ffffff"
				},
				{
					"slug": "base-2",
					"name": "Light Background",
					"color": "#f7f7f3"
				},
				{
					"slug": "base-3",
					"name": "Dark Background",
					"color": "#1A1919"
				},
				{
					"slug": "contrast",
					"name": "Text",
					"color": "#0C0C0C"
				},
				{
					"slug": "contrast-2",
					"name": "Secondary text",
					"color": "rgba(0,0,0, 0.5)"
				},
				{
					"slug": "contrast-3",
					"name": "Border",
					"color": "rgba(0,0,0, 0.5)"
				},
				{
					"slug": "contrast-4",
					"name": "Text on dark",
					"color": "#F8F8F8"
				},
				{
					"slug": "accent",
					"name": "Accent",
					"color": "#325CE8"
				},
				{
					"slug": "accent-2",
					"name": "Accent 2",
					"color": "#466DEC"
				}
			]
		},
		"layout": {
			"contentSize": "780px",
			"wideSize": "1280px"
		},
		"spacing": {
			"spacingScale": {
				"steps": 0
			},
			"spacingSizes": [
				{
					"name": "2XS",
					"size": "clamp(0.47rem, calc(0.22vw + 0.4rem), 0.71rem)",
					"slug": "10"
				},
				{
					"name": "XS",
					"size": "clamp(0.71rem, calc(0.33vw + 0.61rem), 1.07rem)",
					"slug": "20"
				},
				{
					"name": "S",
					"size": "clamp(1.07rem, calc(0.49vw + 0.91rem), 1.6rem)",
					"slug": "30"
				},
				{
					"name": "M",
					"size": "clamp(1.6rem, calc(0.74vw + 1.36rem), 2.4rem)",
					"slug": "40"
				},
				{
					"name": "L",
					"size": "clamp(2.4rem, calc(1.11vw + 2.04rem), 3.6rem)",
					"slug": "50"
				},
				{
					"name": "XL",
					"size": "clamp(3.6rem, calc(1.67vw + 3.07rem), 5.4rem)",
					"slug": "60"
				},
				{
					"name": "2XL",
					"size": "clamp(5.4rem, calc(2.5vw + 4.6rem), 8.1rem)",
					"slug": "70"
				}
			],
			"units": ["%", "px", "em", "rem", "vh", "vw"]
		},
		"typography": {
			"fluid": true,
			"fontFamilies": [
				{
					"fontFace": [
						{
							"fontFamily": "Inter",
							"fontStretch": "normal",
							"fontStyle": "normal",
							"fontWeight": "300 900",
							"src": [
								"file:./assets/fonts/inter/Inter-VariableFont_slnt,wght.woff2"
							]
						}
					],
					"fontFamily": "\"Inter\", sans-serif",
					"name": "Inter",
					"slug": "body"
				}
				],
				
			"fontSizes": [
				{
					"fluid": false,
					"name": "XS",
					"size": "0.8rem",
					"slug": "x-small"
				},
				{
					"fluid": false,
					"name": "S",
					"size": "0.9rem",
					"slug": "small"
				},
				{
					"fluid": {
						"min": "1rem",
						"max": "1.05rem"
					},
					"name": "M",
					"size": "1.05rem",
					"slug": "medium"
				},
				{
					"fluid": {
						"min": "1.3rem",
						"max": "1.5rem"
					},
					"name": "L",
					"size": "1.5rem",
					"slug": "large"
				},
				{
					"fluid": {
						"min": "1.85rem",
						"max": "2.5rem"
					},
					"name": "XL",
					"size": "2.5rem",
					"slug": "x-large"
				},
				{
					"fluid": {
						"min": "2.5rem",
						"max": "3.27rem"
					},
					"name": "2XL",
					"size": "3.27rem",
					"slug": "xx-large"
				}
			],
			"writingMode": true
		},
		"useRootPaddingAwareAlignments": true,
		"custom": {
			"radius": {
				"button": "5px",
				"card": "5px",
				"image": "24px"
			},
			"lineHeight": {
				"s": "1.2",
				"m": "1.65",
				"l": "1.7"
			}
		}
	},
	"styles": {
		"blocks": {
			"core/avatar": {
				"border": {
					"radius": "999px"
				}
			},
			
			"core/button": {
				"spacing": {
					"typography": {
					"fontSize": "var(--wp--preset--font-size--medium)",
					"fontStyle": "normal",
					"fontWeight": "400",
					"lineHeight": "1"
				},
							"padding": {
								"bottom": "var(--wp--preset--spacing--10)",
								"left": "var(--wp--preset--spacing--20)",
								"right": "var(--wp--preset--spacing--20)",
								"top": "var(--wp--preset--spacing--10)"
							}
						},
				"color": {
					"background": "var(--wp--preset--color--accent)",
					"text": "var(--wp--preset--color--contrast-4)"
				},
				"border": {
							"width": "1px",
      						"style": "solid",
     						 "color": "var(--wp--preset--color--accent)"
						},
				"variations": {
					"outline": {
						"spacing": {
							"padding": {
								"bottom": "var(--wp--preset--spacing--10)",
								"left": "var(--wp--preset--spacing--20)",
								"right": "var(--wp--preset--spacing--20)",
								"top": "var(--wp--preset--spacing--10)"
							}
						},
						"border": {
							"width": "1px"
						}
					}
				}
			},
			"core/buttons": {
				"spacing": {
					"blockGap": "var(--wp--preset--spacing--20)"
				}
			},
			
			"core/calendar": {
				"color": {
					"text": "var(--wp--preset--color--contrast)"
				},
				"css": ".wp-block-calendar table:where(:not(.has-text-color)) th{background-color:var(--wp--preset--color--base-2);color:var(--wp--preset--color--contrast);border-color:var(--wp--preset--color--contrast-2)} & table:where(:not(.has-text-color)) td{border-color:var(--wp--preset--color--contrast-2)}"
			},
			"core/categories": {
				"spacing": {
					"padding": {
						"left": "0px",
						"right": "0px"
					}
				},
				"css": "& {list-style-type:none;} & li{margin-bottom: 0.5rem;}"
			},
			"core/code": {
				"border": {
					"color": "var(--wp--preset--color--contrast)"
				},
				"color": {
					"background": "var(--wp--preset--color--base-3)",
					"text": "var(--wp--preset--color--contrast-4"
				},
				"spacing": {
					"padding": {
						"bottom": "calc(var(--wp--preset--spacing--30) + 0.75rem)",
						"left": "calc(var(--wp--preset--spacing--30) + 0.75rem)",
						"right": "calc(var(--wp--preset--spacing--30) + 0.75rem)",
						"top": "calc(var(--wp--preset--spacing--30) + 0.75rem)"
					}
				},
				"typography": {
					"fontSize": "var(--wp--preset--font-size--medium)",
					"fontStyle": "normal",
					"fontWeight": "400",
					"lineHeight": "var(--wp--custom--line-height--l)"
				}
			},
			"core/comment-author-name": {
				"color": {
					"text": "var(--wp--preset--color--contrast)"
				},
				"elements": {
					"link": {
						"color": {
							"text": "var(--wp--preset--color--contrast)"
						},
						"typography": {
							"textDecoration": "none"
						},
						":hover": {
							"typography": {
								"textDecoration": "underline"
							}
						}
					}
				},
				"typography": {
					"fontSize": "var(--wp--preset--font-size--small)",
					"fontStyle": "normal",
					"fontWeight": "600"
				}
			},
			"core/comment-content": {
				"typography": {
					"fontSize": "var(--wp--preset--font-size--small)"
				},
				"spacing": {
					"margin": {
						"top": "var(--wp--preset--spacing--20)",
						"bottom": "var(--wp--preset--spacing--20)"
					}
				}
			},
			"core/comment-date": {
				"color": {
					"text": "var(--wp--preset--color--contrast)"
				},
				"elements": {
					"link": {
						"color": {
							"text": "var(--wp--preset--color--contrast)"
						},
						"typography": {
							"textDecoration": "none"
						},
						":hover": {
							"typography": {
								"textDecoration": "underline"
							}
						}
					}
				},
				"typography": {
					"fontSize": "var(--wp--preset--font-size--small)"
				},
				"spacing": {
					"margin": {
						"top": "0px",
						"bottom": "0px"
					}
				}
			},
			"core/comment-edit-link": {
				"elements": {
					"link": {
						"color": {
							"text": "var(--wp--preset--color--accent-1)"
						},
						"typography": {
							"textDecoration": "none"
						},
						":hover": {
							"typography": {
								"textDecoration": "underline"
							}
						}
					}
				},
				"typography": {
					"fontSize": "var(--wp--preset--font-size--small)"
				}
			},
			"core/comment-reply-link": {
				"elements": {
					"link": {
						"color": {
							"text": "var(--wp--preset--color--text)"
						},
						"typography": {
							"textDecoration": "none"
						},
						":hover": {
							"typography": {
								"textDecoration": "underline"
							}
						}
					}
				},
				"typography": {
					"fontSize": "var(--wp--preset--font-size--small)"
				}
			},
			"core/post-comments-form": {
				"css": "& textarea, input{border-radius:.33rem}"
			},
			"core/comments-pagination": {
				"typography": {
					"fontSize": "var(--wp--preset--font-size--small)"
				}
			},
			"core/comments-pagination-next": {
				"typography": {
					"fontSize": "var(--wp--preset--font-size--small)"
				}
			},
			"core/comments-pagination-numbers": {
				"typography": {
					"fontSize": "var(--wp--preset--font-size--small)"
				}
			},
			"core/comments-pagination-previous": {
				"typography": {
					"fontSize": "var(--wp--preset--font-size--small)"
				}
			},
			"core/footnotes": {
				"typography": {
					"fontSize": "var(--wp--preset--font-size--small)"
				}
			},
			"core/gallery": {
				"spacing": {
					"margin": {
						"bottom": "var(--wp--preset--spacing--30)"
					}
				}
			},
			"core/image": {
				"variations": {
					"rounded": {
						"border": {
							"radius": "var(--wp--custom--radius--image)"
						}
					}
				}
			},
			"core/list": {
				"spacing": {
					"padding": {
						"left": "var(--wp--preset--spacing--10)"
					}
				}
			},
			"core/loginout": {
				"css": "& input{border-radius:.33rem;padding:calc(0.667em + 2px);border:1px solid #949494;}"
			},
			"core/navigation": {
				"elements": {
					"link": {
						":hover": {
							"typography": {
								"textDecoration": "underline"
							}
						},
						"typography": {
							"textDecoration": "none"
						}
					}
				},
				"typography": {
					"fontWeight": "500"
				}
			},
			"core/post-author": {
				"typography": {
					"fontSize": "var(--wp--preset--font-size--small)"
				}
			},
			"core/post-author-name": {
				"elements": {
					"link": {
						":hover": {
							"typography": {
								"textDecoration": "none"
							}
						},
						"typography": {
							"textDecoration": "none"
						}
					}
				},
				"typography": {
					"fontSize": "var(--wp--preset--font-size--small)"
				}
			},
			"core/post-date": {
				"color": {
					"text": "var(--wp--preset--color--contrast)"
				},
				"elements": {
					"link": {
						":hover": {
							"typography": {
								"textDecoration": "underline"
							}
						},
						"color": {
							"text": "var(--wp--preset--color--contrast)"
						},
						"typography": {
							"textDecoration": "none"
						}
					}
				},
				"typography": {
					"fontSize": "var(--wp--preset--font-size--small)"
				}
			},
			"core/post-excerpt": {
				"typography": {
					"lineHeight": "var(--wp--custom--line-height--l)"
				}
			},
			"core/post-featured-image": {
				"border": {
					"radius": "var(--wp--preset--spacing--20)"
				}
			},
			"core/post-terms": {
				"elements": {
					"link": {
						":hover": {
							"typography": {
								"textDecoration": "none"
							}
						},
						"typography": {
							"textDecoration": "none"
						}
					}
				},
				"typography": {
					"fontSize": "var(--wp--preset--font-size--small)"
				},
				"css":"& .wp-block-post-terms__prefix{color: var(--wp--preset--color--contrast);}"
			},
			"core/post-title": {
				"elements": {
					"link": {
						":hover": {
							"typography": {
								"textDecoration": "underline"
							}
						},
						"typography": {
							"textDecoration": "none"
							
						},
						"color": {
					"text": "var(--wp--preset--color--contrast)"
				}
					}
				}
			},
			"core/pullquote": {
				"border": {
					"radius": "var(--wp--preset--spacing--20)"
				},
				"elements": {
					"cite": {
						"typography": {
							"fontFamily": "var(--wp--preset--font-family--body)",
							"fontSize": "var(--wp--preset--font-size--medium)",
							"fontStyle": "normal"
						}
					}
				},
				"spacing": {
					"padding": {
						"bottom": "var(--wp--preset--spacing--40)",
						"top": "var(--wp--preset--spacing--40)"
					}
				},
				"typography": {
					"fontFamily": "var(--wp--preset--font-family--heading)",
					"fontSize": "var(--wp--preset--font-size--x-large)",
					"fontWeight": "400",
					"letterSpacing": "0em",
					"lineHeight": "var(--wp--custom--line-height--m)"
				}
			},
			"core/query-title": {
				"css": "& span {font-style: normal;}"
			},
			"core/query-no-results": {
				"spacing": {
					"padding": {
						"top": "var(--wp--preset--spacing--30)"
					}
				}
			},
			"core/quote": {
				"border": {
					"radius": "var(--wp--custom--radius--card)"
				},
				"color": {
					"background": "var(--wp--preset--color--base-2)",
					"text": "var(--wp--preset--color--contrast)"
				},
				"css": "& :where(p) {margin-block-start:0;margin-block-end:calc(var(--wp--preset--spacing--10) + 0.5rem);} & :where(:last-child) {margin-block-end:0;} &.has-text-align-right.is-style-plain, .rtl .is-style-plain.wp-block-quote:not(.has-text-align-center):not(.has-text-align-left){border-width: 0 2px 0 0;padding-left:calc(var(--wp--preset--spacing--20) + 0.5rem);padding-right:calc(var(--wp--preset--spacing--20) + 0.5rem);} &.has-text-align-left.is-style-plain, body:not(.rtl) .is-style-plain.wp-block-quote:not(.has-text-align-center):not(.has-text-align-right){border-width: 0 0 0 2px;padding-left:calc(var(--wp--preset--spacing--20) + 0.5rem);padding-right:calc(var(--wp--preset--spacing--20) + 0.5rem)}",
				"elements": {
					"cite": {
						"typography": {
							"fontFamily": "var(--wp--preset--font-family--body)",
							"fontSize": "var(--wp--preset--font-size--small)",
							"fontStyle": "normal"
						}
					}
				},
				"spacing": {
					"padding": {
						"bottom": "calc(var(--wp--preset--spacing--30) + 0.75rem)",
						"left": "calc(var(--wp--preset--spacing--30) + 0.75rem)",
						"right": "calc(var(--wp--preset--spacing--30) + 0.75rem)",
						"top": "calc(var(--wp--preset--spacing--30) + 0.75rem)"
					}
				},
				
				"typography": {
					"fontFamily": "var(--wp--preset--font-family--heading)",
					"fontSize": "var(--wp--preset--font-size--large)",
					"fontStyle": "normal",
					"lineHeight": "var(--wp--custom--line-height--m)"
				},
				"variations": {
					"plain": {
						"border": {
							"color": "var(--wp--preset--color--base-2)",
							"radius": "0",
							"style": "solid",
							"width": "0"
						},
						"color": {
							"background": "transparent"
						},
						"spacing": {
							"padding": {
								"bottom": "var(--wp--preset--spacing--20)",
								"left": "var(--wp--preset--spacing--20)",
								"right": "var(--wp--preset--spacing--20)",
								"top": "var(--wp--preset--spacing--20)"
							}
						},
						"typography": {
							"fontFamily": "var(--wp--preset--font-family--body)",
							"fontStyle": "normal",
							"fontSize": "var(--wp--preset--font-size--medium)",
							"lineHeight": "var(--wp--custom--line-height--m)"
						}
					}
				}
			},
			"core/search": {
				"css": "& .wp-block-search__input{border-radius:var(--wp--custom--radius--button)}",
				"typography": {
					"fontSize": "var(--wp--preset--font-size--small)"
				},
				"elements": {
					"button": {
						"border": {
							"radius": { "ref": "styles.elements.button.border.radius" }
						}
					}
				}
			},
			"core/separator": {
				"border": {
					"color": "currentColor",
					"style": "solid",
					"width": "0 0 1px 0"
				},
				"color": {
					"text": "var(--wp--preset--color--contrast-3)"
				},
				"css": " &:not(.is-style-wide):not(.is-style-dots):not(.alignwide):not(.alignfull){width: var(--wp--preset--spacing--60)}"
			},
			"core/site-tagline": {
				"color": {
					"text": "rgba(var(--wp--preset--color--contrast), 0.6)"
				},
				"typography": {
					"fontSize": "var(--wp--preset--font-size--small)"
				}
			},
			"core/site-title": {
				"elements": {
					"link": {
						":hover": {
							"typography": {
								"textDecoration": "none"
							}
						},
						"typography": {
							"textDecoration": "none"
						}
					}
				},
				"typography": {
					"fontFamily": "var(--wp--preset--font-family--body)",
					"fontSize": "1.2rem",
					"fontStyle": "normal",
					"fontWeight": "600"
				}
			}
		},
		"color": {
			"background": "var(--wp--preset--color--base)",
			"text": "var(--wp--preset--color--contrast)"
		},
		"elements": {
			"button": {
				":active": {
					"color": {
						"background": "var(--wp--preset--color--accent)",
						"text": "var(--wp--preset--color--contrast-4)"
					}
				},
				":focus": {
					"color": {
						"background": "var(--wp--preset--color--accent)",
						"text": "var(--wp--preset--color--contrast-4)"
					},
					"outline": {
						"color": "var(--wp--preset--color--accent-2)",
						"offset": "2px",
						"style": "solid",
						"width": "1px"
					},
					"border": {
						"color": "1px solid transparent"
					}
				},
				":hover": {
					"color": {
						"background": "var(--wp--preset--color--accent-2)",
						"text": "var(--wp--preset--color--contrast-4)"
					},
					"border": {
						"color": "1px solid transparent"
					}
				},
				"border": {
					"radius": "var(--wp--custom--radius--button)"
				},
			
				
				"typography": {
					"fontSize": "var(--wp--preset--font-size--medium)",
					"fontStyle": "normal",
					"fontWeight": "500",
					"lineHeight": "var(--wp--custom--line-height--m)"
				}
			},
			"caption": {
				"color": {
					"text": "rgba(var(--wp--preset--color--contrast), 0.6)"
				},
				"typography": {
					"fontFamily": "var(--wp--preset--font-family--body)",
					"fontSize": "var(--wp--preset--font-size--medium)"
				}
			},
			"h1": {
				"typography": {
					"fontSize": "var(--wp--preset--font-size--xx-large)",
					"lineHeight": "var(--wp--custom--line-height--s)"
				}
			},
			"h2": {
				"typography": {
					"fontSize": "var(--wp--preset--font-size--x-large)"
				}
			},
			"h3": {
				"typography": {
					"fontSize": "var(--wp--preset--font-size--large)"
				}
			},
			"h4": {
				"typography": {
					"fontSize": "var(--wp--preset--font-size--medium)"
				}
			},
			"h5": {
				"typography": {
					"fontSize": "var(--wp--preset--font-size--small)"
				}
			},
			"h6": {
				"typography": {
					"fontSize": "var(--wp--preset--font-size--x-small)"
				}
			},
			"heading": {
				"typography": {
					"fontFamily": "var(--wp--preset--font-family--heading)",
					"fontWeight": "600",
					"lineHeight": "var(--wp--custom--line-height--m)"
				}
			},
			"link": {
				":hover": {
					"typography": {
						"textDecoration": "none"
					}
				},
				"color": {
					"text": "var(--wp--preset--color--accent)"
				}
			}
		},
		"spacing": {
			"blockGap": "var(--wp--preset--spacing--30)",
			"padding": {
				"left": "var(--wp--preset--spacing--40)",
				"right": "var(--wp--preset--spacing--40)"
			}
		},
		"typography": {
			"fontFamily": "var(--wp--preset--font-family--body)",
			"fontSize": "var(--wp--preset--font-size--medium)",
			"fontStyle": "normal",
			"fontWeight": "400",
			"lineHeight": "var(--wp--custom--line-height--l)"
		}
	},
	"templateParts": [
		{
			"area": "header",
			"name": "header",
			"title": "Header"
		},
		{
			"area": "footer",
			"name": "footer",
			"title": "Footer"
		},
		{
			"area": "uncategorized",
			"name": "sidebar",
			"title": "Sidebar"
		},
		{
			"area": "uncategorized",
			"name": "post-meta",
			"title": "Post Meta"
		}
	],
	"customTemplates": [
		{
			"name": "page-no-title",
			"postTypes": ["page"],
			"title": "Page No Title"
		},
		{
			"name": "page-with-sidebar",
			"postTypes": ["page"],
			"title": "Page With Sidebar"
		},
		{
			"name": "page-wide",
			"postTypes": ["page"],
			"title": "Page with wide Image"
		},
		{
			"name": "single-with-sidebar",
			"postTypes": ["post"],
			"title": "Single with Sidebar"
		}
	]
}
